t,x1,y1,x2,y2
0.00000,0.000000,0.000000,1.000000,0.000000
0.01000,0.000000,0.001000,1.000000,-0.001000
0.02000,0.000000,0.002000,1.000000,-0.002000
0.03000,0.000000,0.003000,1.000000,-0.003000
0.04000,0.000000,0.004000,1.000000,-0.004000
0.05000,0.000000,0.005000,1.000000,-0.005000
0.06000,0.000000,0.006000,1.000000,-0.006000
0.07000,0.000000,0.007000,1.000000,-0.007000
0.08000,0.000000,0.008000,1.000000,-0.008000
0.09000,0.000000,0.009000,1.000000,-0.009000
0.10000,0.000000,0.010000,1.000000,-0.010000
0.11000,0.000000,0.011000,1.000000,-0.011000
0.12000,0.000000,0.012000,1.000000,-0.012000
0.13000,0.000000,0.013000,1.000000,-0.013000
0.14000,0.000000,0.014000,1.000000,-0.014000
0.15000,0.000000,0.015000,1.000000,-0.015000
0.16000,0.000000,0.016000,1.000000,-0.016000
0.17000,0.000000,0.017000,1.000000,-0.017000
0.18000,0.000000,0.018000,1.000000,-0.018000
0.19000,0.000000,0.019000,1.000000,-0.019000
0.20000,0.000000,0.020000,1.000000,-0.020000
0.21000,0.000000,0.021000,1.000000,-0.021000
0.22000,0.000000,0.022000,1.000000,-0.022000
0.23000,0.000000,0.023000,1.000000,-0.023000
0.24000,0.000000,0.024000,1.000000,-0.024000
0.25000,0.000000,0.025000,1.000000,-0.025000
0.26000,0.000000,0.026000,1.000000,-0.026000
0.27000,0.000000,0.027000,1.000000,-0.027000
0.28000,0.000000,0.028000,1.000000,-0.028000
0.29000,0.000000,0.029000,1.000000,-0.029000
0.30000,0.000000,0.030000,1.000000,-0.030000
0.31000,0.000000,0.031000,1.000000,-0.031000
0.32000,0.000000,0.032000,1.000000,-0.032000
0.33000,0.000000,0.033000,1.000000,-0.033000
0.34000,0.000000,0.034000,1.000000,-0.034000
0.35000,0.000000,0.035000,1.000000,-0.035000
0.36000,0.000000,0.036000,1.000000,-0.036000
0.37000,0.000000,0.037000,1.000000,-0.037000
0.38000,0.000000,0.038000,1.000000,-0.038000
0.39000,0.000000,0.039000,1.000000,-0.039000
0.40000,0.000000,0.040000,1.000000,-0.040000
0.41000,0.000000,0.041000,1.000000,-0.041000
0.42000,0.000000,0.042000,1.000000,-0.042000
0.43000,0.000000,0.043000,1.000000,-0.043000
0.44000,0.000000,0.044000,1.000000,-0.044000
0.45000,0.000000,0.045000,1.000000,-0.045000
0.46000,0.000000,0.046000,1.000000,-0.046000
0.47000,0.000000,0.047000,1.000000,-0.047000
0.48000,0.000000,0.048000,1.000000,-0.048000
0.49000,0.000000,0.049000,1.000000,-0.049000
0.50000,0.000000,0.050000,1.000000,-0.050000
0.51000,0.000000,0.051000,1.000000,-0.051000
0.52000,0.000000,0.052000,1.000000,-0.052000
0.53000,0.000000,0.053000,1.000000,-0.053000
0.54000,0.000000,0.054000,1.000000,-0.054000
0.55000,0.000000,0.055000,1.000000,-0.055000
0.56000,0.000000,0.056000,1.000000,-0.056000
0.57000,0.000000,0.057000,1.000000,-0.057000
0.58000,0.000000,0.058000,1.000000,-0.058000
0.59000,0.000000,0.059000,1.000000,-0.059000
0.60000,0.000000,0.060000,1.000000,-0.060000
0.61000,0.000000,0.061000,1.000000,-0.061000
0.62000,0.000000,0.062000,1.000000,-0.062000
0.63000,0.000000,0.063000,1.000000,-0.063000
0.64000,0.000000,0.064000,1.000000,-0.064000
0.65000,0.000000,0.065000,1.000000,-0.065000
0.66000,0.000000,0.066000,1.000000,-0.066000
0.67000,0.000000,0.067000,1.000000,-0.067000
0.68000,0.000000,0.068000,1.000000,-0.068000
0.69000,0.000000,0.069000,1.000000,-0.069000
0.70000,0.000000,0.070000,1.000000,-0.070000
0.71000,0.000000,0.071000,1.000000,-0.071000
0.72000,0.000000,0.072000,1.000000,-0.072000
0.73000,0.000000,0.073000,1.000000,-0.073000
0.74000,0.000000,0.074000,1.000000,-0.074000
0.75000,0.000000,0.075000,1.000000,-0.075000
0.76000,0.000000,0.076000,1.000000,-0.076000
0.77000,0.000000,0.077000,1.000000,-0.077000
0.78000,0.000000,0.078000,1.000000,-0.078000
0.79000,0.000000,0.079000,1.000000,-0.079000
0.80000,0.000000,0.080000,1.000000,-0.080000
0.81000,0.000000,0.081000,1.000000,-0.081000
0.82000,0.000000,0.082000,1.000000,-0.082000
0.83000,0.000000,0.083000,1.000000,-0.083000
0.84000,0.000000,0.084000,1.000000,-0.084000
0.85000,0.000000,0.085000,1.000000,-0.085000
0.86000,0.000000,0.086000,1.000000,-0.086000
0.87000,0.000000,0.087000,1.000000,-0.087000
0.88000,0.000000,0.088000,1.000000,-0.088000
0.89000,0.000000,0.089000,1.000000,-0.089000
0.90000,0.000000,0.090000,1.000000,-0.090000
0.91000,0.000000,0.091000,1.000000,-0.091000
0.92000,0.000000,0.092000,1.000000,-0.092000
0.93000,0.000000,0.093000,1.000000,-0.093000
0.94000,0.000000,0.094000,1.000000,-0.094000
0.95000,0.000000,0.095000,1.000000,-0.095000
0.96000,0.000000,0.096000,1.000000,-0.096000
0.97000,0.000000,0.097000,1.000000,-0.097000
0.98000,0.000000,0.098000,1.000000,-0.098000
0.99000,0.000000,0.099000,1.000000,-0.099000
1.00000,0.000000,0.100000,1.000000,-0.100000
1.01000,0.000000,0.101000,1.000000,-0.101000
1.02000,0.000000,0.102000,1.000000,-0.102000
1.03000,0.000000,0.103000,1.000000,-0.103000
1.04000,0.000000,0.104000,1.000000,-0.104000
1.05000,0.000000,0.105000,1.000000,-0.105000
1.06000,0.000000,0.106000,1.000000,-0.106000
1.07000,0.000000,0.107000,1.000000,-0.107000
1.08000,0.000000,0.108000,1.000000,-0.108000
1.09000,0.000000,0.109000,1.000000,-0.109000
1.10000,0.000000,0.110000,1.000000,-0.110000
1.11000,0.000000,0.111000,1.000000,-0.111000
1.12000,0.000000,0.112000,1.000000,-0.112000
1.13000,0.000000,0.113000,1.000000,-0.113000
1.14000,0.000000,0.114000,1.000000,-0.114000
1.15000,0.000000,0.115000,1.000000,-0.115000
1.16000,0.000000,0.116000,1.000000,-0.116000
1.17000,0.000000,0.117000,1.000000,-0.117000
1.18000,0.000000,0.118000,1.000000,-0.118000
1.19000,0.000000,0.119000,1.000000,-0.119000
1.20000,0.000000,0.120000,1.000000,-0.120000
1.21000,0.000000,0.121000,1.000000,-0.121000
1.22000,0.000000,0.122000,1.000000,-0.122000
1.23000,0.000000,0.123000,1.000000,-0.123000
1.24000,0.000000,0.124000,1.000000,-0.124000
1.25000,0.000000,0.125000,1.000000,-0.125000
1.26000,0.000000,0.126000,1.000000,-0.126000
1.27000,0.000000,0.127000,1.000000,-0.127000
1.28000,0.000000,0.128000,1.000000,-0.128000
1.29000,0.000000,0.129000,1.000000,-0.129000
1.30000,0.000000,0.130000,1.000000,-0.130000
1.31000,0.000000,0.131000,1.000000,-0.131000
1.32000,0.000000,0.132000,1.000000,-0.132000
1.33000,0.000000,0.133000,1.000000,-0.133000
1.34000,0.000000,0.134000,1.000000,-0.134000
1.35000,0.000000,0.135000,1.000000,-0.135000
1.36000,0.000000,0.136000,1.000000,-0.136000
1.37000,0.000000,0.137000,1.000000,-0.137000
1.38000,0.000000,0.138000,1.000000,-0.138000
1.39000,0.000000,0.139000,1.000000,-0.139000
1.40000,0.000000,0.140000,1.000000,-0.140000
1.41000,0.000000,0.141000,1.000000,-0.141000
1.42000,0.000000,0.142000,1.000000,-0.142000
1.43000,0.000000,0.143000,1.000000,-0.143000
1.44000,0.000000,0.144000,1.000000,-0.144000
1.45000,0.000000,0.145000,1.000000,-0.145000
1.46000,0.000000,0.146000,1.000000,-0.146000
1.47000,0.000000,0.147000,1.000000,-0.147000
1.48000,0.000000,0.148000,1.000000,-0.148000
1.49000,0.000000,0.149000,1.000000,-0.149000
1.50000,0.000000,0.150000,1.000000,-0.150000
1.51000,0.000000,0.151000,1.000000,-0.151000
1.52000,0.000000,0.152000,1.000000,-0.152000
1.53000,0.000000,0.153000,1.000000,-0.153000
1.54000,0.000000,0.154000,1.000000,-0.154000
1.55000,0.000000,0.155000,1.000000,-0.155000
1.56000,0.000000,0.156000,1.000000,-0.156000
1.57000,0.000000,0.157000,1.000000,-0.157000
1.58000,0.000000,0.158000,1.000000,-0.158000
1.59000,0.000000,0.159000,1.000000,-0.159000
1.60000,0.000000,0.160000,1.000000,-0.160000
1.61000,0.000000,0.161000,1.000000,-0.161000
1.62000,0.000000,0.162000,1.000000,-0.162000
1.63000,0.000000,0.163000,1.000000,-0.163000
1.64000,0.000000,0.164000,1.000000,-0.164000
1.65000,0.000000,0.165000,1.000000,-0.165000
1.66000,0.000000,0.166000,1.000000,-0.166000
1.67000,0.000000,0.167000,1.000000,-0.167000
1.68000,0.000000,0.168000,1.000000,-0.168000
1.69000,0.000000,0.169000,1.000000,-0.169000
1.70000,0.000000,0.170000,1.000000,-0.170000
1.71000,0.000000,0.171000,1.000000,-0.171000
1.72000,0.000000,0.172000,1.000000,-0.172000
1.73000,0.000000,0.173000,1.000000,-0.173000
1.74000,0.000000,0.174000,1.000000,-0.174000
1.75000,0.000000,0.175000,1.000000,-0.175000
1.76000,0.000000,0.176000,1.000000,-0.176000
1.77000,0.000000,0.177000,1.000000,-0.177000
1.78000,0.000000,0.178000,1.000000,-0.178000
1.79000,0.000000,0.179000,1.000000,-0.179000
1.80000,0.000000,0.180000,1.000000,-0.180000
1.81000,0.000000,0.181000,1.000000,-0.181000
1.82000,0.000000,0.182000,1.000000,-0.182000
1.83000,0.000000,0.183000,1.000000,-0.183000
1.84000,0.000000,0.184000,1.000000,-0.184000
1.85000,0.000000,0.185000,1.000000,-0.185000
1.86000,0.000000,0.186000,1.000000,-0.186000
1.87000,0.000000,0.187000,1.000000,-0.187000
1.88000,0.000000,0.188000,1.000000,-0.188000
1.89000,0.000000,0.189000,1.000000,-0.189000
1.90000,0.000000,0.190000,1.000000,-0.190000
1.91000,0.000000,0.191000,1.000000,-0.191000
1.92000,0.000000,0.192000,1.000000,-0.192000
1.93000,0.000000,0.193000,1.000000,-0.193000
1.94000,0.000000,0.194000,1.000000,-0.194000
1.95000,0.000000,0.195000,1.000000,-0.195000
1.96000,0.000000,0.196000,1.000000,-0.196000
1.97000,0.000000,0.197000,1.000000,-0.197000
1.98000,0.000000,0.198000,1.000000,-0.198000
1.99000,0.000000,0.199000,1.000000,-0.199000
2.00000,0.000000,0.200000,1.000000,-0.200000
2.01000,0.000000,0.201000,1.000000,-0.201000
2.02000,0.000000,0.202000,1.000000,-0.202000
2.03000,0.000000,0.203000,1.000000,-0.203000
2.04000,0.000000,0.204000,1.000000,-0.204000
2.05000,0.000000,0.205000,1.000000,-0.205000
2.06000,0.000000,0.206000,1.000000,-0.206000
2.07000,0.000000,0.207000,1.000000,-0.207000
2.08000,0.000000,0.208000,1.000000,-0.208000
2.09000,0.000000,0.209000,1.000000,-0.209000
2.10000,0.000000,0.210000,1.000000,-0.210000
2.11000,0.000000,0.211000,1.000000,-0.211000
2.12000,0.000000,0.212000,1.000000,-0.212000
2.13000,0.000000,0.213000,1.000000,-0.213000
2.14000,0.000000,0.214000,1.000000,-0.214000
2.15000,0.000000,0.215000,1.000000,-0.215000
2.16000,0.000000,0.216000,1.000000,-0.216000
2.17000,0.000000,0.217000,1.000000,-0.217000
2.18000,0.000000,0.218000,1.000000,-0.218000
2.19000,0.000000,0.219000,1.000000,-0.219000
2.20000,0.000000,0.220000,1.000000,-0.220000
2.21000,0.000000,0.221000,1.000000,-0.221000
2.22000,0.000000,0.222000,1.000000,-0.222000
2.23000,0.000000,0.223000,1.000000,-0.223000
2.24000,0.000000,0.224000,1.000000,-0.224000
2.25000,0.000000,0.225000,1.000000,-0.225000
2.26000,0.000000,0.226000,1.000000,-0.226000
2.27000,0.000000,0.227000,1.000000,-0.227000
2.28000,0.000000,0.228000,1.000000,-0.228000
2.29000,0.000000,0.229000,1.000000,-0.229000
2.30000,0.000000,0.230000,1.000000,-0.230000
2.31000,0.000000,0.231000,1.000000,-0.231000
2.32000,0.000000,0.232000,1.000000,-0.232000
2.33000,0.000000,0.233000,1.000000,-0.233000
2.34000,0.000000,0.234000,1.000000,-0.234000
2.35000,0.000000,0.235000,1.000000,-0.235000
2.36000,0.000000,0.236000,1.000000,-0.236000
2.37000,0.000000,0.237000,1.000000,-0.237000
2.38000,0.000000,0.238000,1.000000,-0.238000
2.39000,0.000000,0.239000,1.000000,-0.239000
2.40000,0.000000,0.240000,1.000000,-0.240000
2.41000,0.000000,0.241000,1.000000,-0.241000
2.42000,0.000000,0.242000,1.000000,-0.242000
2.43000,0.000000,0.243000,1.000000,-0.243000
2.44000,0.000000,0.244000,1.000000,-0.244000
2.45000,0.000000,0.245000,1.000000,-0.245000
2.46000,0.000000,0.246000,1.000000,-0.246000
2.47000,0.000000,0.247000,1.000000,-0.247000
2.48000,0.000000,0.248000,1.000000,-0.248000
2.49000,0.000000,0.249000,1.000000,-0.249000
2.50000,0.000000,0.250000,1.000000,-0.250000
2.51000,0.000000,0.251000,1.000000,-0.251000
2.52000,0.000000,0.252000,1.000000,-0.252000
2.53000,0.000000,0.253000,1.000000,-0.253000
2.54000,0.000000,0.254000,1.000000,-0.254000
2.55000,0.000000,0.255000,1.000000,-0.255000
2.56000,0.000000,0.256000,1.000000,-0.256000
2.57000,0.000000,0.257000,1.000000,-0.257000
2.58000,0.000000,0.258000,1.000000,-0.258000
2.59000,0.000000,0.259000,1.000000,-0.259000
2.60000,0.000000,0.260000,1.000000,-0.260000
2.61000,0.000000,0.261000,1.000000,-0.261000
2.62000,0.000000,0.262000,1.000000,-0.262000
2.63000,0.000000,0.263000,1.000000,-0.263000
2.64000,0.000000,0.264000,1.000000,-0.264000
2.65000,0.000000,0.265000,1.000000,-0.265000
2.66000,0.000000,0.266000,1.000000,-0.266000
2.67000,0.000000,0.267000,1.000000,-0.267000
2.68000,0.000000,0.268000,1.000000,-0.268000
2.69000,0.000000,0.269000,1.000000,-0.269000
2.70000,0.000000,0.270000,1.000000,-0.270000
2.71000,0.000000,0.271000,1.000000,-0.271000
2.72000,0.000000,0.272000,1.000000,-0.272000
2.73000,0.000000,0.273000,1.000000,-0.273000
2.74000,0.000000,0.274000,1.000000,-0.274000
2.75000,0.000000,0.275000,1.000000,-0.275000
2.76000,0.000000,0.276000,1.000000,-0.276000
2.77000,0.000000,0.277000,1.000000,-0.277000
2.78000,0.000000,0.278000,1.000000,-0.278000
2.79000,0.000000,0.279000,1.000000,-0.279000
2.80000,0.000000,0.280000,1.000000,-0.280000
2.81000,0.000000,0.281000,1.000000,-0.281000
2.82000,0.000000,0.282000,1.000000,-0.282000
2.83000,0.000000,0.283000,1.000000,-0.283000
2.84000,0.000000,0.284000,1.000000,-0.284000
2.85000,0.000000,0.285000,1.000000,-0.285000
2.86000,0.000000,0.286000,1.000000,-0.286000
2.87000,0.000000,0.287000,1.000000,-0.287000
2.88000,0.000000,0.288000,1.000000,-0.288000
2.89000,0.000000,0.289000,1.000000,-0.289000
2.90000,0.000000,0.290000,1.000000,-0.290000
2.91000,0.000000,0.291000,1.000000,-0.291000
2.92000,0.000000,0.292000,1.000000,-0.292000
2.93000,0.000000,0.293000,1.000000,-0.293000
2.94000,0.000000,0.294000,1.000000,-0.294000
2.95000,0.000000,0.295000,1.000000,-0.295000
2.96000,0.000000,0.296000,1.000000,-0.296000
2.97000,0.000000,0.297000,1.000000,-0.297000
2.98000,0.000000,0.298000,1.000000,-0.298000
2.99000,0.000000,0.299000,1.000000,-0.299000
3.00000,0.000000,0.300000,1.000000,-0.300000
3.01000,0.000000,0.301000,1.000000,-0.301000
3.02000,0.000000,0.302000,1.000000,-0.302000
3.03000,0.000000,0.303000,1.000000,-0.303000
3.04000,0.000000,0.304000,1.000000,-0.304000
3.05000,0.000000,0.305000,1.000000,-0.305000
3.06000,0.000000,0.306000,1.000000,-0.306000
3.07000,0.000000,0.307000,1.000000,-0.307000
3.08000,0.000000,0.308000,1.000000,-0.308000
3.09000,0.000000,0.309000,1.000000,-0.309000
3.10000,0.000000,0.310000,1.000000,-0.310000
3.11000,0.000000,0.311000,1.000000,-0.311000
3.12000,0.000000,0.312000,1.000000,-0.312000
3.13000,0.000000,0.313000,1.000000,-0.313000
3.14000,0.000000,0.314000,1.000000,-0.314000
3.15000,0.000000,0.315000,1.000000,-0.315000
3.16000,0.000000,0.316000,1.000000,-0.316000
3.17000,0.000000,0.317000,1.000000,-0.317000
3.18000,0.000000,0.318000,1.000000,-0.318000
3.19000,0.000000,0.319000,1.000000,-0.319000
3.20000,0.000000,0.320000,1.000000,-0.320000
3.21000,0.000000,0.321000,1.000000,-0.321000
3.22000,0.000000,0.322000,1.000000,-0.322000
3.23000,0.000000,0.323000,1.000000,-0.323000
3.24000,0.000000,0.324000,1.000000,-0.324000
3.25000,0.000000,0.325000,1.000000,-0.325000
3.26000,0.000000,0.326000,1.000000,-0.326000
3.27000,0.000000,0.327000,1.000000,-0.327000
3.28000,0.000000,0.328000,1.000000,-0.328000
3.29000,0.000000,0.329000,1.000000,-0.329000
3.30000,0.000000,0.330000,1.000000,-0.330000
3.31000,0.000000,0.331000,1.000000,-0.331000
3.32000,0.000000,0.332000,1.000000,-0.332000
3.33000,0.000000,0.333000,1.000000,-0.333000
3.34000,0.000000,0.334000,1.000000,-0.334000
3.35000,0.000000,0.335000,1.000000,-0.335000
3.36000,0.000000,0.336000,1.000000,-0.336000
3.37000,0.000000,0.337000,1.000000,-0.337000
3.38000,0.000000,0.338000,1.000000,-0.338000
3.39000,0.000000,0.339000,1.000000,-0.339000
3.40000,0.000000,0.340000,1.000000,-0.340000
3.41000,0.000000,0.341000,1.000000,-0.341000
3.42000,0.000000,0.342000,1.000000,-0.342000
3.43000,0.000000,0.343000,1.000000,-0.343000
3.44000,0.000000,0.344000,1.000000,-0.344000
3.45000,0.000000,0.345000,1.000000,-0.345000
3.46000,0.000000,0.346000,1.000000,-0.346000
3.47000,0.000000,0.347000,1.000000,-0.347000
3.48000,0.000000,0.348000,1.000000,-0.348000
3.49000,0.000000,0.349000,1.000000,-0.349000
3.50000,0.000000,0.350000,1.000000,-0.350000
3.51000,0.000000,0.351000,1.000000,-0.351000
3.52000,0.000000,0.352000,1.000000,-0.352000
3.53000,0.000000,0.353000,1.000000,-0.353000
3.54000,0.000000,0.354000,1.000000,-0.354000
3.55000,0.000000,0.355000,1.000000,-0.355000
3.56000,0.000000,0.356000,1.000000,-0.356000
3.57000,0.000000,0.357000,1.000000,-0.357000
3.58000,0.000000,0.358000,1.000000,-0.358000
3.59000,0.000000,0.359000,1.000000,-0.359000
3.60000,0.000000,0.360000,1.000000,-0.360000
3.61000,0.000000,0.361000,1.000000,-0.361000
3.62000,0.000000,0.362000,1.000000,-0.362000
3.63000,0.000000,0.363000,1.000000,-0.363000
3.64000,0.000000,0.364000,1.000000,-0.364000
3.65000,0.000000,0.365000,1.000000,-0.365000
3.66000,0.000000,0.366000,1.000000,-0.366000
3.67000,0.000000,0.367000,1.000000,-0.367000
3.68000,0.000000,0.368000,1.000000,-0.368000
3.69000,0.000000,0.369000,1.000000,-0.369000
3.70000,0.000000,0.370000,1.000000,-0.370000
3.71000,0.000000,0.371000,1.000000,-0.371000
3.72000,0.000000,0.372000,1.000000,-0.372000
3.73000,0.000000,0.373000,1.000000,-0.373000
3.74000,0.000000,0.374000,1.000000,-0.374000
3.75000,0.000000,0.375000,1.000000,-0.375000
3.76000,0.000000,0.376000,1.000000,-0.376000
3.77000,0.000000,0.377000,1.000000,-0.377000
3.78000,0.000000,0.378000,1.000000,-0.378000
3.79000,0.000000,0.379000,1.000000,-0.379000
3.80000,0.000000,0.380000,1.000000,-0.380000
3.81000,0.000000,0.381000,1.000000,-0.381000
3.82000,0.000000,0.382000,1.000000,-0.382000
3.83000,0.000000,0.383000,1.000000,-0.383000
3.84000,0.000000,0.384000,1.000000,-0.384000
3.85000,0.000000,0.385000,1.000000,-0.385000
3.86000,0.000000,0.386000,1.000000,-0.386000
3.87000,0.000000,0.387000,1.000000,-0.387000
3.88000,0.000000,0.388000,1.000000,-0.388000
3.89000,0.000000,0.389000,1.000000,-0.389000
3.90000,0.000000,0.390000,1.000000,-0.390000
3.91000,0.000000,0.391000,1.000000,-0.391000
3.92000,0.000000,0.392000,1.000000,-0.392000
3.93000,0.000000,0.393000,1.000000,-0.393000
3.94000,0.000000,0.394000,1.000000,-0.394000
3.95000,0.000000,0.395000,1.000000,-0.395000
3.96000,0.000000,0.396000,1.000000,-0.396000
3.97000,0.000000,0.397000,1.000000,-0.397000
3.98000,0.000000,0.398000,1.000000,-0.398000
3.99000,0.000000,0.399000,1.000000,-0.399000
4.00000,0.000000,0.400000,1.000000,-0.400000
4.01000,0.000000,0.401000,1.000000,-0.401000
4.02000,0.000000,0.402000,1.000000,-0.402000
4.03000,0.000000,0.403000,1.000000,-0.403000
4.04000,0.000000,0.404000,1.000000,-0.404000
4.05000,0.000000,0.405000,1.000000,-0.405000
4.06000,0.000000,0.406000,1.000000,-0.406000
4.07000,0.000000,0.407000,1.000000,-0.407000
4.08000,0.000000,0.408000,1.000000,-0.408000
4.09000,0.000000,0.409000,1.000000,-0.409000
4.10000,0.000000,0.410000,1.000000,-0.410000
4.11000,0.000000,0.411000,1.000000,-0.411000
4.12000,0.000000,0.412000,1.000000,-0.412000
4.13000,0.000000,0.413000,1.000000,-0.413000
4.14000,0.000000,0.414000,1.000000,-0.414000
4.15000,0.000000,0.415000,1.000000,-0.415000
4.16000,0.000000,0.416000,1.000000,-0.416000
4.17000,0.000000,0.417000,1.000000,-0.417000
4.18000,0.000000,0.418000,1.000000,-0.418000
4.19000,0.000000,0.419000,1.000000,-0.419000
4.20000,0.000000,0.420000,1.000000,-0.420000
4.21000,0.000000,0.421000,1.000000,-0.421000
4.22000,0.000000,0.422000,1.000000,-0.422000
4.23000,0.000000,0.423000,1.000000,-0.423000
4.24000,0.000000,0.424000,1.000000,-0.424000
4.25000,0.000000,0.425000,1.000000,-0.425000
4.26000,0.000000,0.426000,1.000000,-0.426000
4.27000,0.000000,0.427000,1.000000,-0.427000
4.28000,0.000000,0.428000,1.000000,-0.428000
4.29000,0.000000,0.429000,1.000000,-0.429000
4.30000,0.000000,0.430000,1.000000,-0.430000
4.31000,0.000000,0.431000,1.000000,-0.431000
4.32000,0.000000,0.432000,1.000000,-0.432000
4.33000,0.000000,0.433000,1.000000,-0.433000
4.34000,0.000000,0.434000,1.000000,-0.434000
4.35000,0.000000,0.435000,1.000000,-0.435000
4.36000,0.000000,0.436000,1.000000,-0.436000
4.37000,0.000000,0.437000,1.000000,-0.437000
4.38000,0.000000,0.438000,1.000000,-0.438000
4.39000,0.000000,0.439000,1.000000,-0.439000
4.40000,0.000000,0.440000,1.000000,-0.440000
4.41000,0.000000,0.441000,1.000000,-0.441000
4.42000,0.000000,0.442000,1.000000,-0.442000
4.43000,0.000000,0.443000,1.000000,-0.443000
4.44000,0.000000,0.444000,1.000000,-0.444000
4.45000,0.000000,0.445000,1.000000,-0.445000
4.46000,0.000000,0.446000,1.000000,-0.446000
4.47000,0.000000,0.447000,1.000000,-0.447000
4.48000,0.000000,0.448000,1.000000,-0.448000
4.49000,0.000000,0.449000,1.000000,-0.449000
4.50000,0.000000,0.450000,1.000000,-0.450000
4.51000,0.000000,0.451000,1.000000,-0.451000
4.52000,0.000000,0.452000,1.000000,-0.452000
4.53000,0.000000,0.453000,1.000000,-0.453000
4.54000,0.000000,0.454000,1.000000,-0.454000
4.55000,0.000000,0.455000,1.000000,-0.455000
4.56000,0.000000,0.456000,1.000000,-0.456000
4.57000,0.000000,0.457000,1.000000,-0.457000
4.58000,0.000000,0.458000,1.000000,-0.458000
4.59000,0.000000,0.459000,1.000000,-0.459000
4.60000,0.000000,0.460000,1.000000,-0.460000
4.61000,0.000000,0.461000,1.000000,-0.461000
4.62000,0.000000,0.462000,1.000000,-0.462000
4.63000,0.000000,0.463000,1.000000,-0.463000
4.64000,0.000000,0.464000,1.000000,-0.464000
4.65000,0.000000,0.465000,1.000000,-0.465000
4.66000,0.000000,0.466000,1.000000,-0.466000
4.67000,0.000000,0.467000,1.000000,-0.467000
4.68000,0.000000,0.468000,1.000000,-0.468000
4.69000,0.000000,0.469000,1.000000,-0.469000
4.70000,0.000000,0.470000,1.000000,-0.470000
4.71000,0.000000,0.471000,1.000000,-0.471000
4.72000,0.000000,0.472000,1.000000,-0.472000
4.73000,0.000000,0.473000,1.000000,-0.473000
4.74000,0.000000,0.474000,1.000000,-0.474000
4.75000,0.000000,0.475000,1.000000,-0.475000
4.76000,0.000000,0.476000,1.000000,-0.476000
4.77000,0.000000,0.477000,1.000000,-0.477000
4.78000,0.000000,0.478000,1.000000,-0.478000
4.79000,0.000000,0.479000,1.000000,-0.479000
4.80000,0.000000,0.480000,1.000000,-0.480000
4.81000,0.000000,0.481000,1.000000,-0.481000
4.82000,0.000000,0.482000,1.000000,-0.482000
4.83000,0.000000,0.483000,1.000000,-0.483000
4.84000,0.000000,0.484000,1.000000,-0.484000
4.85000,0.000000,0.485000,1.000000,-0.485000
4.86000,0.000000,0.486000,1.000000,-0.486000
4.87000,0.000000,0.487000,1.000000,-0.487000
4.88000,0.000000,0.488000,1.000000,-0.488000
4.89000,0.000000,0.489000,1.000000,-0.489000
4.90000,0.000000,0.490000,1.000000,-0.490000
4.91000,0.000000,0.491000,1.000000,-0.491000
4.92000,0.000000,0.492000,1.000000,-0.492000
4.93000,0.000000,0.493000,1.000000,-0.493000
4.94000,0.000000,0.494000,1.000000,-0.494000
4.95000,0.000000,0.495000,1.000000,-0.495000
4.96000,0.000000,0.496000,1.000000,-0.496000
4.97000,0.000000,0.497000,1.000000,-0.497000
4.98000,0.000000,0.498000,1.000000,-0.498000
4.99000,0.000000,0.499000,1.000000,-0.499000
5.00000,0.000000,0.500000,1.000000,-0.500000
5.01000,0.000000,0.501000,1.000000,-0.501000
5.02000,0.000000,0.502000,1.000000,-0.502000
5.03000,0.000000,0.503000,1.000000,-0.503000
5.04000,0.000000,0.504000,1.000000,-0.504000
5.05000,0.000000,0.505000,1.000000,-0.505000
5.06000,0.000000,0.506000,1.000000,-0.506000
5.07000,0.000000,0.507000,1.000000,-0.507000
5.08000,0.000000,0.508000,1.000000,-0.508000
5.09000,0.000000,0.509000,1.000000,-0.509000
5.10000,0.000000,0.510000,1.000000,-0.510000
5.11000,0.000000,0.511000,1.000000,-0.511000
5.12000,0.000000,0.512000,1.000000,-0.512000
5.13000,0.000000,0.513000,1.000000,-0.513000
5.14000,0.000000,0.514000,1.000000,-0.514000
5.15000,0.000000,0.515000,1.000000,-0.515000
5.16000,0.000000,0.516000,1.000000,-0.516000
5.17000,0.000000,0.517000,1.000000,-0.517000
5.18000,0.000000,0.518000,1.000000,-0.518000
5.19000,0.000000,0.519000,1.000000,-0.519000
5.20000,0.000000,0.520000,1.000000,-0.520000
5.21000,0.000000,0.521000,1.000000,-0.521000
5.22000,0.000000,0.522000,1.000000,-0.522000
5.23000,0.000000,0.523000,1.000000,-0.523000
5.24000,0.000000,0.524000,1.000000,-0.524000
5.25000,0.000000,0.525000,1.000000,-0.525000
5.26000,0.000000,0.526000,1.000000,-0.526000
5.27000,0.000000,0.527000,1.000000,-0.527000
5.28000,0.000000,0.528000,1.000000,-0.528000
5.29000,0.000000,0.529000,1.000000,-0.529000
5.30000,0.000000,0.530000,1.000000,-0.530000
5.31000,0.000000,0.531000,1.000000,-0.531000
5.32000,0.000000,0.532000,1.000000,-0.532000
5.33000,0.000000,0.533000,1.000000,-0.533000
5.34000,0.000000,0.534000,1.000000,-0.534000
5.35000,0.000000,0.535000,1.000000,-0.535000
5.36000,0.000000,0.536000,1.000000,-0.536000
5.37000,0.000000,0.537000,1.000000,-0.537000
5.38000,0.000000,0.538000,1.000000,-0.538000
5.39000,0.000000,0.539000,1.000000,-0.539000
5.40000,0.000000,0.540000,1.000000,-0.540000
5.41000,0.000000,0.541000,1.000000,-0.541000
5.42000,0.000000,0.542000,1.000000,-0.542000
5.43000,0.000000,0.543000,1.000000,-0.543000
5.44000,0.000000,0.544000,1.000000,-0.544000
5.45000,0.000000,0.545000,1.000000,-0.545000
5.46000,0.000000,0.546000,1.000000,-0.546000
5.47000,0.000000,0.547000,1.000000,-0.547000
5.48000,0.000000,0.548000,1.000000,-0.548000
5.49000,0.000000,0.549000,1.000000,-0.549000
5.50000,0.000000,0.550000,1.000000,-0.550000
5.51000,0.000000,0.551000,1.000000,-0.551000
5.52000,0.000000,0.552000,1.000000,-0.552000
5.53000,0.000000,0.553000,1.000000,-0.553000
5.54000,0.000000,0.554000,1.000000,-0.554000
5.55000,0.000000,0.555000,1.000000,-0.555000
5.56000,0.000000,0.556000,1.000000,-0.556000
5.57000,0.000000,0.557000,1.000000,-0.557000
5.58000,0.000000,0.558000,1.000000,-0.558000
5.59000,0.000000,0.559000,1.000000,-0.559000
5.60000,0.000000,0.560000,1.000000,-0.560000
5.61000,0.000000,0.561000,1.000000,-0.561000
5.62000,0.000000,0.562000,1.000000,-0.562000
5.63000,0.000000,0.563000,1.000000,-0.563000
5.64000,0.000000,0.564000,1.000000,-0.564000
5.65000,0.000000,0.565000,1.000000,-0.565000
5.66000,0.000000,0.566000,1.000000,-0.566000
5.67000,0.000000,0.567000,1.000000,-0.567000
5.68000,0.000000,0.568000,1.000000,-0.568000
5.69000,0.000000,0.569000,1.000000,-0.569000
5.70000,0.000000,0.570000,1.000000,-0.570000
5.71000,0.000000,0.571000,1.000000,-0.571000
5.72000,0.000000,0.572000,1.000000,-0.572000
5.73000,0.000000,0.573000,1.000000,-0.573000
5.74000,0.000000,0.574000,1.000000,-0.574000
5.75000,0.000000,0.575000,1.000000,-0.575000
5.76000,0.000000,0.576000,1.000000,-0.576000
5.77000,0.000000,0.577000,1.000000,-0.577000
5.78000,0.000000,0.578000,1.000000,-0.578000
5.79000,0.000000,0.579000,1.000000,-0.579000
5.80000,0.000000,0.580000,1.000000,-0.580000
5.81000,0.000000,0.581000,1.000000,-0.581000
5.82000,0.000000,0.582000,1.000000,-0.582000
5.83000,0.000000,0.583000,1.000000,-0.583000
5.84000,0.000000,0.584000,1.000000,-0.584000
5.85000,0.000000,0.585000,1.000000,-0.585000
5.86000,0.000000,0.586000,1.000000,-0.586000
5.87000,0.000000,0.587000,1.000000,-0.587000
5.88000,0.000000,0.588000,1.000000,-0.588000
5.89000,0.000000,0.589000,1.000000,-0.589000
5.90000,0.000000,0.590000,1.000000,-0.590000
5.91000,0.000000,0.591000,1.000000,-0.591000
5.92000,0.000000,0.592000,1.000000,-0.592000
5.93000,0.000000,0.593000,1.000000,-0.593000
5.94000,0.000000,0.594000,1.000000,-0.594000
5.95000,0.000000,0.595000,1.000000,-0.595000
5.96000,0.000000,0.596000,1.000000,-0.596000
5.97000,0.000000,0.597000,1.000000,-0.597000
5.98000,0.000000,0.598000,1.000000,-0.598000
5.99000,0.000000,0.599000,1.000000,-0.599000
6.00000,0.000000,0.600000,1.000000,-0.600000
6.01000,0.000000,0.601000,1.000000,-0.601000
6.02000,0.000000,0.602000,1.000000,-0.602000
6.03000,0.000000,0.603000,1.000000,-0.603000
6.04000,0.000000,0.604000,1.000000,-0.604000
6.05000,0.000000,0.605000,1.000000,-0.605000
6.06000,0.000000,0.606000,1.000000,-0.606000
6.07000,0.000000,0.607000,1.000000,-0.607000
6.08000,0.000000,0.608000,1.000000,-0.608000
6.09000,0.000000,0.609000,1.000000,-0.609000
6.10000,0.000000,0.610000,1.000000,-0.610000
6.11000,0.000000,0.611000,1.000000,-0.611000
6.12000,0.000000,0.612000,1.000000,-0.612000
6.13000,0.000000,0.613000,1.000000,-0.613000
6.14000,0.000000,0.614000,1.000000,-0.614000
6.15000,0.000000,0.615000,1.000000,-0.615000
6.16000,0.000000,0.616000,1.000000,-0.616000
6.17000,0.000000,0.617000,1.000000,-0.617000
6.18000,0.000000,0.618000,1.000000,-0.618000
6.19000,0.000000,0.619000,1.000000,-0.619000
6.20000,0.000000,0.620000,1.000000,-0.620000
6.21000,0.000000,0.621000,1.000000,-0.621000
6.22000,0.000000,0.622000,1.000000,-0.622000
6.23000,0.000000,0.623000,1.000000,-0.623000
6.24000,0.000000,0.624000,1.000000,-0.624000
6.25000,0.000000,0.625000,1.000000,-0.625000
6.26000,0.000000,0.626000,1.000000,-0.626000
6.27000,0.000000,0.627000,1.000000,-0.627000
6.28000,0.000000,0.628000,1.000000,-0.628000
6.29000,0.000000,0.629000,1.000000,-0.629000
6.30000,0.000000,0.630000,1.000000,-0.630000
6.31000,0.000000,0.631000,1.000000,-0.631000
6.32000,0.000000,0.632000,1.000000,-0.632000
6.33000,0.000000,0.633000,1.000000,-0.633000
6.34000,0.000000,0.634000,1.000000,-0.634000
6.35000,0.000000,0.635000,1.000000,-0.635000
6.36000,0.000000,0.636000,1.000000,-0.636000
6.37000,0.000000,0.637000,1.000000,-0.637000
6.38000,0.000000,0.638000,1.000000,-0.638000
6.39000,0.000000,0.639000,1.000000,-0.639000
6.40000,0.000000,0.640000,1.000000,-0.640000
6.41000,0.000000,0.641000,1.000000,-0.641000
6.42000,0.000000,0.642000,1.000000,-0.642000
6.43000,0.000000,0.643000,1.000000,-0.643000
6.44000,0.000000,0.644000,1.000000,-0.644000
6.45000,0.000000,0.645000,1.000000,-0.645000
6.46000,0.000000,0.646000,1.000000,-0.646000
6.47000,0.000000,0.647000,1.000000,-0.647000
6.48000,0.000000,0.648000,1.000000,-0.648000
6.49000,0.000000,0.649000,1.000000,-0.649000
6.50000,0.000000,0.650000,1.000000,-0.650000
6.51000,0.000000,0.651000,1.000000,-0.651000
6.52000,0.000000,0.652000,1.000000,-0.652000
6.53000,0.000000,0.653000,1.000000,-0.653000
6.54000,0.000000,0.654000,1.000000,-0.654000
6.55000,0.000000,0.655000,1.000000,-0.655000
6.56000,0.000000,0.656000,1.000000,-0.656000
6.57000,0.000000,0.657000,1.000000,-0.657000
6.58000,0.000000,0.658000,1.000000,-0.658000
6.59000,0.000000,0.659000,1.000000,-0.659000
6.60000,0.000000,0.660000,1.000000,-0.660000
6.61000,0.000000,0.661000,1.000000,-0.661000
6.62000,0.000000,0.662000,1.000000,-0.662000
6.63000,0.000000,0.663000,1.000000,-0.663000
6.64000,0.000000,0.664000,1.000000,-0.664000
6.65000,0.000000,0.665000,1.000000,-0.665000
6.66000,0.000000,0.666000,1.000000,-0.666000
6.67000,0.000000,0.667000,1.000000,-0.667000
6.68000,0.000000,0.668000,1.000000,-0.668000
6.69000,0.000000,0.669000,1.000000,-0.669000
6.70000,0.000000,0.670000,1.000000,-0.670000
6.71000,0.000000,0.671000,1.000000,-0.671000
6.72000,0.000000,0.672000,1.000000,-0.672000
6.73000,0.000000,0.673000,1.000000,-0.673000
6.74000,0.000000,0.674000,1.000000,-0.674000
6.75000,0.000000,0.675000,1.000000,-0.675000
6.76000,0.000000,0.676000,1.000000,-0.676000
6.77000,0.000000,0.677000,1.000000,-0.677000
6.78000,0.000000,0.678000,1.000000,-0.678000
6.79000,0.000000,0.679000,1.000000,-0.679000
6.80000,0.000000,0.680000,1.000000,-0.680000
6.81000,0.000000,0.681000,1.000000,-0.681000
6.82000,0.000000,0.682000,1.000000,-0.682000
6.83000,0.000000,0.683000,1.000000,-0.683000
6.84000,0.000000,0.684000,1.000000,-0.684000
6.85000,0.000000,0.685000,1.000000,-0.685000
6.86000,0.000000,0.686000,1.000000,-0.686000
6.87000,0.000000,0.687000,1.000000,-0.687000
6.88000,0.000000,0.688000,1.000000,-0.688000
6.89000,0.000000,0.689000,1.000000,-0.689000
6.90000,0.000000,0.690000,1.000000,-0.690000
6.91000,0.000000,0.691000,1.000000,-0.691000
6.92000,0.000000,0.692000,1.000000,-0.692000
6.93000,0.000000,0.693000,1.000000,-0.693000
6.94000,0.000000,0.694000,1.000000,-0.694000
6.95000,0.000000,0.695000,1.000000,-0.695000
6.96000,0.000000,0.696000,1.000000,-0.696000
6.97000,0.000000,0.697000,1.000000,-0.697000
6.98000,0.000000,0.698000,1.000000,-0.698000
6.99000,0.000000,0.699000,1.000000,-0.699000
7.00000,0.000000,0.700000,1.000000,-0.700000
7.01000,0.000000,0.701000,1.000000,-0.701000
7.02000,0.000000,0.702000,1.000000,-0.702000
7.03000,0.000000,0.703000,1.000000,-0.703000
7.04000,0.000000,0.704000,1.000000,-0.704000
7.05000,0.000000,0.705000,1.000000,-0.705000
7.06000,0.000000,0.706000,1.000000,-0.706000
7.07000,0.000000,0.707000,1.000000,-0.707000
7.08000,0.000000,0.708000,1.000000,-0.708000
7.09000,0.000000,0.709000,1.000000,-0.709000
7.10000,0.000000,0.710000,1.000000,-0.710000
7.11000,0.000000,0.711000,1.000000,-0.711000
7.12000,0.000000,0.712000,1.000000,-0.712000
7.13000,0.000000,0.713000,1.000000,-0.713000
7.14000,0.000000,0.714000,1.000000,-0.714000
7.15000,0.000000,0.715000,1.000000,-0.715000
7.16000,0.000000,0.716000,1.000000,-0.716000
7.17000,0.000000,0.717000,1.000000,-0.717000
7.18000,0.000000,0.718000,1.000000,-0.718000
7.19000,0.000000,0.719000,1.000000,-0.719000
7.20000,0.000000,0.720000,1.000000,-0.720000
7.21000,0.000000,0.721000,1.000000,-0.721000
7.22000,0.000000,0.722000,1.000000,-0.722000
7.23000,0.000000,0.723000,1.000000,-0.723000
7.24000,0.000000,0.724000,1.000000,-0.724000
7.25000,0.000000,0.725000,1.000000,-0.725000
7.26000,0.000000,0.726000,1.000000,-0.726000
7.27000,0.000000,0.727000,1.000000,-0.727000
7.28000,0.000000,0.728000,1.000000,-0.728000
7.29000,0.000000,0.729000,1.000000,-0.729000
7.30000,0.000000,0.730000,1.000000,-0.730000
7.31000,0.000000,0.731000,1.000000,-0.731000
7.32000,0.000000,0.732000,1.000000,-0.732000
7.33000,0.000000,0.733000,1.000000,-0.733000
7.34000,0.000000,0.734000,1.000000,-0.734000
7.35000,0.000000,0.735000,1.000000,-0.735000
7.36000,0.000000,0.736000,1.000000,-0.736000
7.37000,0.000000,0.737000,1.000000,-0.737000
7.38000,0.000000,0.738000,1.000000,-0.738000
7.39000,0.000000,0.739000,1.000000,-0.739000
7.40000,0.000000,0.740000,1.000000,-0.740000
7.41000,0.000000,0.741000,1.000000,-0.741000
7.42000,0.000000,0.742000,1.000000,-0.742000
7.43000,0.000000,0.743000,1.000000,-0.743000
7.44000,0.000000,0.744000,1.000000,-0.744000
7.45000,0.000000,0.745000,1.000000,-0.745000
7.46000,0.000000,0.746000,1.000000,-0.746000
7.47000,0.000000,0.747000,1.000000,-0.747000
7.48000,0.000000,0.748000,1.000000,-0.748000
7.49000,0.000000,0.749000,1.000000,-0.749000
7.50000,0.000000,0.750000,1.000000,-0.750000
7.51000,0.000000,0.751000,1.000000,-0.751000
7.52000,0.000000,0.752000,1.000000,-0.752000
7.53000,0.000000,0.753000,1.000000,-0.753000
7.54000,0.000000,0.754000,1.000000,-0.754000
7.55000,0.000000,0.755000,1.000000,-0.755000
7.56000,0.000000,0.756000,1.000000,-0.756000
7.57000,0.000000,0.757000,1.000000,-0.757000
7.58000,0.000000,0.758000,1.000000,-0.758000
7.59000,0.000000,0.759000,1.000000,-0.759000
7.60000,0.000000,0.760000,1.000000,-0.760000
7.61000,0.000000,0.761000,1.000000,-0.761000
7.62000,0.000000,0.762000,1.000000,-0.762000
7.63000,0.000000,0.763000,1.000000,-0.763000
7.64000,0.000000,0.764000,1.000000,-0.764000
7.65000,0.000000,0.765000,1.000000,-0.765000
7.66000,0.000000,0.766000,1.000000,-0.766000
7.67000,0.000000,0.767000,1.000000,-0.767000
7.68000,0.000000,0.768000,1.000000,-0.768000
7.69000,0.000000,0.769000,1.000000,-0.769000
7.70000,0.000000,0.770000,1.000000,-0.770000
7.71000,0.000000,0.771000,1.000000,-0.771000
7.72000,0.000000,0.772000,1.000000,-0.772000
7.73000,0.000000,0.773000,1.000000,-0.773000
7.74000,0.000000,0.774000,1.000000,-0.774000
7.75000,0.000000,0.775000,1.000000,-0.775000
7.76000,0.000000,0.776000,1.000000,-0.776000
7.77000,0.000000,0.777000,1.000000,-0.777000
7.78000,0.000000,0.778000,1.000000,-0.778000
7.79000,0.000000,0.779000,1.000000,-0.779000
7.80000,0.000000,0.780000,1.000000,-0.780000
7.81000,0.000000,0.781000,1.000000,-0.781000
7.82000,0.000000,0.782000,1.000000,-0.782000
7.83000,0.000000,0.783000,1.000000,-0.783000
7.84000,0.000000,0.784000,1.000000,-0.784000
7.85000,0.000000,0.785000,1.000000,-0.785000
7.86000,0.000000,0.786000,1.000000,-0.786000
7.87000,0.000000,0.787000,1.000000,-0.787000
7.88000,0.000000,0.788000,1.000000,-0.788000
7.89000,0.000000,0.789000,1.000000,-0.789000
7.90000,0.000000,0.790000,1.000000,-0.790000
7.91000,0.000000,0.791000,1.000000,-0.791000
7.92000,0.000000,0.792000,1.000000,-0.792000
7.93000,0.000000,0.793000,1.000000,-0.793000
7.94000,0.000000,0.794000,1.000000,-0.794000
7.95000,0.000000,0.795000,1.000000,-0.795000
7.96000,0.000000,0.796000,1.000000,-0.796000
7.97000,0.000000,0.797000,1.000000,-0.797000
7.98000,0.000000,0.798000,1.000000,-0.798000
7.99000,0.000000,0.799000,1.000000,-0.799000
8.00000,0.000000,0.800000,1.000000,-0.800000
8.01000,0.000000,0.801000,1.000000,-0.801000
8.02000,0.000000,0.802000,1.000000,-0.802000
8.03000,0.000000,0.803000,1.000000,-0.803000
8.04000,0.000000,0.804000,1.000000,-0.804000
8.05000,0.000000,0.805000,1.000000,-0.805000
8.06000,0.000000,0.806000,1.000000,-0.806000
8.07000,0.000000,0.807000,1.000000,-0.807000
8.08000,0.000000,0.808000,1.000000,-0.808000
8.09000,0.000000,0.809000,1.000000,-0.809000
8.10000,0.000000,0.810000,1.000000,-0.810000
8.11000,0.000000,0.811000,1.000000,-0.811000
8.12000,0.000000,0.812000,1.000000,-0.812000
8.13000,0.000000,0.813000,1.000000,-0.813000
8.14000,0.000000,0.814000,1.000000,-0.814000
8.15000,0.000000,0.815000,1.000000,-0.815000
8.16000,0.000000,0.816000,1.000000,-0.816000
8.17000,0.000000,0.817000,1.000000,-0.817000
8.18000,0.000000,0.818000,1.000000,-0.818000
8.19000,0.000000,0.819000,1.000000,-0.819000
8.20000,0.000000,0.820000,1.000000,-0.820000
8.21000,0.000000,0.821000,1.000000,-0.821000
8.22000,0.000000,0.822000,1.000000,-0.822000
8.23000,0.000000,0.823000,1.000000,-0.823000
8.24000,0.000000,0.824000,1.000000,-0.824000
8.25000,0.000000,0.825000,1.000000,-0.825000
8.26000,0.000000,0.826000,1.000000,-0.826000
8.27000,0.000000,0.827000,1.000000,-0.827000
8.28000,0.000000,0.828000,1.000000,-0.828000
8.29000,0.000000,0.829000,1.000000,-0.829000
8.30000,0.000000,0.830000,1.000000,-0.830000
8.31000,0.000000,0.831000,1.000000,-0.831000
8.32000,0.000000,0.832000,1.000000,-0.832000
8.33000,0.000000,0.833000,1.000000,-0.833000
8.34000,0.000000,0.834000,1.000000,-0.834000
8.35000,0.000000,0.835000,1.000000,-0.835000
8.36000,0.000000,0.836000,1.000000,-0.836000
8.37000,0.000000,0.837000,1.000000,-0.837000
8.38000,0.000000,0.838000,1.000000,-0.838000
8.39000,0.000000,0.839000,1.000000,-0.839000
8.40000,0.000000,0.840000,1.000000,-0.840000
8.41000,0.000000,0.841000,1.000000,-0.841000
8.42000,0.000000,0.842000,1.000000,-0.842000
8.43000,0.000000,0.843000,1.000000,-0.843000
8.44000,0.000000,0.844000,1.000000,-0.844000
8.45000,0.000000,0.845000,1.000000,-0.845000
8.46000,0.000000,0.846000,1.000000,-0.846000
8.47000,0.000000,0.847000,1.000000,-0.847000
8.48000,0.000000,0.848000,1.000000,-0.848000
8.49000,0.000000,0.849000,1.000000,-0.849000
8.50000,0.000000,0.850000,1.000000,-0.850000
8.51000,0.000000,0.851000,1.000000,-0.851000
8.52000,0.000000,0.852000,1.000000,-0.852000
8.53000,0.000000,0.853000,1.000000,-0.853000
8.54000,0.000000,0.854000,1.000000,-0.854000
8.55000,0.000000,0.855000,1.000000,-0.855000
8.56000,0.000000,0.856000,1.000000,-0.856000
8.57000,0.000000,0.857000,1.000000,-0.857000
8.58000,0.000000,0.858000,1.000000,-0.858000
8.59000,0.000000,0.859000,1.000000,-0.859000
8.60000,0.000000,0.860000,1.000000,-0.860000
8.61000,0.000000,0.861000,1.000000,-0.861000
8.62000,0.000000,0.862000,1.000000,-0.862000
8.63000,0.000000,0.863000,1.000000,-0.863000
8.64000,0.000000,0.864000,1.000000,-0.864000
8.65000,0.000000,0.865000,1.000000,-0.865000
8.66000,0.000000,0.866000,1.000000,-0.866000
8.67000,0.000000,0.867000,1.000000,-0.867000
8.68000,0.000000,0.868000,1.000000,-0.868000
8.69000,0.000000,0.869000,1.000000,-0.869000
8.70000,0.000000,0.870000,1.000000,-0.870000
8.71000,0.000000,0.871000,1.000000,-0.871000
8.72000,0.000000,0.872000,1.000000,-0.872000
8.73000,0.000000,0.873000,1.000000,-0.873000
8.74000,0.000000,0.874000,1.000000,-0.874000
8.75000,0.000000,0.875000,1.000000,-0.875000
8.76000,0.000000,0.876000,1.000000,-0.876000
8.77000,0.000000,0.877000,1.000000,-0.877000
8.78000,0.000000,0.878000,1.000000,-0.878000
8.79000,0.000000,0.879000,1.000000,-0.879000
8.80000,0.000000,0.880000,1.000000,-0.880000
8.81000,0.000000,0.881000,1.000000,-0.881000
8.82000,0.000000,0.882000,1.000000,-0.882000
8.83000,0.000000,0.883000,1.000000,-0.883000
8.84000,0.000000,0.884000,1.000000,-0.884000
8.85000,0.000000,0.885000,1.000000,-0.885000
8.86000,0.000000,0.886000,1.000000,-0.886000
8.87000,0.000000,0.887000,1.000000,-0.887000
8.88000,0.000000,0.888000,1.000000,-0.888000
8.89000,0.000000,0.889000,1.000000,-0.889000
8.90000,0.000000,0.890000,1.000000,-0.890000
8.91000,0.000000,0.891000,1.000000,-0.891000
8.92000,0.000000,0.892000,1.000000,-0.892000
8.93000,0.000000,0.893000,1.000000,-0.893000
8.94000,0.000000,0.894000,1.000000,-0.894000
8.95000,0.000000,0.895000,1.000000,-0.895000
8.96000,0.000000,0.896000,1.000000,-0.896000
8.97000,0.000000,0.897000,1.000000,-0.897000
8.98000,0.000000,0.898000,1.000000,-0.898000
8.99000,0.000000,0.899000,1.000000,-0.899000
9.00000,0.000000,0.900000,1.000000,-0.900000
9.01000,0.000000,0.901000,1.000000,-0.901000
9.02000,0.000000,0.902000,1.000000,-0.902000
9.03000,0.000000,0.903000,1.000000,-0.903000
9.04000,0.000000,0.904000,1.000000,-0.904000
9.05000,0.000000,0.905000,1.000000,-0.905000
9.06000,0.000000,0.906000,1.000000,-0.906000
9.07000,0.000000,0.907000,1.000000,-0.907000
9.08000,0.000000,0.908000,1.000000,-0.908000
9.09000,0.000000,0.909000,1.000000,-0.909000
9.10000,0.000000,0.910000,1.000000,-0.910000
9.11000,0.000000,0.911000,1.000000,-0.911000
9.12000,0.000000,0.912000,1.000000,-0.912000
9.13000,0.000000,0.913000,1.000000,-0.913000
9.14000,0.000000,0.914000,1.000000,-0.914000
9.15000,0.000000,0.915000,1.000000,-0.915000
9.16000,0.000000,0.916000,1.000000,-0.916000
9.17000,0.000000,0.917000,1.000000,-0.917000
9.18000,0.000000,0.918000,1.000000,-0.918000
9.19000,0.000000,0.919000,1.000000,-0.919000
9.20000,0.000000,0.920000,1.000000,-0.920000
9.21000,0.000000,0.921000,1.000000,-0.921000
9.22000,0.000000,0.922000,1.000000,-0.922000
9.23000,0.000000,0.923000,1.000000,-0.923000
9.24000,0.000000,0.924000,1.000000,-0.924000
9.25000,0.000000,0.925000,1.000000,-0.925000
9.26000,0.000000,0.926000,1.000000,-0.926000
9.27000,0.000000,0.927000,1.000000,-0.927000
9.28000,0.000000,0.928000,1.000000,-0.928000
9.29000,0.000000,0.929000,1.000000,-0.929000
9.30000,0.000000,0.930000,1.000000,-0.930000
9.31000,0.000000,0.931000,1.000000,-0.931000
9.32000,0.000000,0.932000,1.000000,-0.932000
9.33000,0.000000,0.933000,1.000000,-0.933000
9.34000,0.000000,0.934000,1.000000,-0.934000
9.35000,0.000000,0.935000,1.000000,-0.935000
9.36000,0.000000,0.936000,1.000000,-0.936000
9.37000,0.000000,0.937000,1.000000,-0.937000
9.38000,0.000000,0.938000,1.000000,-0.938000
9.39000,0.000000,0.939000,1.000000,-0.939000
9.40000,0.000000,0.940000,1.000000,-0.940000
9.41000,0.000000,0.941000,1.000000,-0.941000
9.42000,0.000000,0.942000,1.000000,-0.942000
9.43000,0.000000,0.943000,1.000000,-0.943000
9.44000,0.000000,0.944000,1.000000,-0.944000
9.45000,0.000000,0.945000,1.000000,-0.945000
9.46000,0.000000,0.946000,1.000000,-0.946000
9.47000,0.000000,0.947000,1.000000,-0.947000
9.48000,0.000000,0.948000,1.000000,-0.948000
9.49000,0.000000,0.949000,1.000000,-0.949000
9.50000,0.000000,0.950000,1.000000,-0.950000
9.51000,0.000000,0.951000,1.000000,-0.951000
9.52000,0.000000,0.952000,1.000000,-0.952000
9.53000,0.000000,0.953000,1.000000,-0.953000
9.54000,0.000000,0.954000,1.000000,-0.954000
9.55000,0.000000,0.955000,1.000000,-0.955000
9.56000,0.000000,0.956000,1.000000,-0.956000
9.57000,0.000000,0.957000,1.000000,-0.957000
9.58000,0.000000,0.958000,1.000000,-0.958000
9.59000,0.000000,0.959000,1.000000,-0.959000
9.60000,0.000000,0.960000,1.000000,-0.960000
9.61000,0.000000,0.961000,1.000000,-0.961000
9.62000,0.000000,0.962000,1.000000,-0.962000
9.63000,0.000000,0.963000,1.000000,-0.963000
9.64000,0.000000,0.964000,1.000000,-0.964000
9.65000,0.000000,0.965000,1.000000,-0.965000
9.66000,0.000000,0.966000,1.000000,-0.966000
9.67000,0.000000,0.967000,1.000000,-0.967000
9.68000,0.000000,0.968000,1.000000,-0.968000
9.69000,0.000000,0.969000,1.000000,-0.969000
9.70000,0.000000,0.970000,1.000000,-0.970000
9.71000,0.000000,0.971000,1.000000,-0.971000
9.72000,0.000000,0.972000,1.000000,-0.972000
9.73000,0.000000,0.973000,1.000000,-0.973000
9.74000,0.000000,0.974000,1.000000,-0.974000
9.75000,0.000000,0.975000,1.000000,-0.975000
9.76000,0.000000,0.976000,1.000000,-0.976000
9.77000,0.000000,0.977000,1.000000,-0.977000
9.78000,0.000000,0.978000,1.000000,-0.978000
9.79000,0.000000,0.979000,1.000000,-0.979000
9.80000,0.000000,0.980000,1.000000,-0.980000
9.81000,0.000000,0.981000,1.000000,-0.981000
9.82000,0.000000,0.982000,1.000000,-0.982000
9.83000,0.000000,0.983000,1.000000,-0.983000
9.84000,0.000000,0.984000,1.000000,-0.984000
9.85000,0.000000,0.985000,1.000000,-0.985000
9.86000,0.000000,0.986000,1.000000,-0.986000
9.87000,0.000000,0.987000,1.000000,-0.987000
9.88000,0.000000,0.988000,1.000000,-0.988000
9.89000,0.000000,0.989000,1.000000,-0.989000
9.90000,0.000000,0.990000,1.000000,-0.990000
9.91000,0.000000,0.991000,1.000000,-0.991000
9.92000,0.000000,0.992000,1.000000,-0.992000
9.93000,0.000000,0.993000,1.000000,-0.993000
9.94000,0.000000,0.994000,1.000000,-0.994000
9.95000,0.000000,0.995000,1.000000,-0.995000
9.96000,0.000000,0.996000,1.000000,-0.996000
9.97000,0.000000,0.997000,1.000000,-0.997000
9.98000,0.000000,0.998000,1.000000,-0.998000
9.99000,0.000000,0.999000,1.000000,-0.999000
10.00000,0.000000,1.000000,1.000000,-1.000000
